[{"model": "core.service", "pk": 1, "fields": {"name": "Стрижка под 'Горшок'", "description": "Стрижка под 'Горшок'", "price": "1000.00", "duration": 40, "is_popular": false, "image": ""}}, {"model": "core.service", "pk": 2, "fields": {"name": "'Взрыв на макаронной фабрике'", "description": "Укладка 'Взрыв на макаронной фабрике''", "price": "1100.00", "duration": 30, "is_popular": false, "image": ""}}, {"model": "core.service", "pk": 3, "fields": {"name": "Королевское бритье опасной бритвой", "description": "Королевское бритье опасной бритвой", "price": "1200.00", "duration": 20, "is_popular": false, "image": ""}}, {"model": "core.service", "pk": 4, "fields": {"name": "'Жизнь в розовом цвете'", "description": "Окрашивание 'Жизнь в розовом цвете'", "price": "1300.00", "duration": 120, "is_popular": false, "image": ""}}, {"model": "core.service", "pk": 5, "fields": {"name": "'Душ впечатлений'", "description": "Мытье головы 'Душ впечатлений'", "price": "1400.00", "duration": 10, "is_popular": false, "image": ""}}, {"model": "core.service", "pk": 6, "fields": {"name": "'Боярин'", "description": "Стрижка бороды 'Боярин'", "price": "1500.00", "duration": 30, "is_popular": false, "image": ""}}, {"model": "core.service", "pk": 7, "fields": {"name": "'Озарение'", "description": "Массаж головы 'Озарение''", "price": "1600.00", "duration": 40, "is_popular": false, "image": ""}}, {"model": "core.service", "pk": 8, "fields": {"name": "'Ветер в голове'", "description": "Укладка 'Ветер в голове'", "price": "1700.00", "duration": 80, "is_popular": false, "image": ""}}, {"model": "core.service", "pk": 9, "fields": {"name": "'Викинг'", "description": "Плетение косичек 'Викинг'", "price": "1800.00", "duration": 120, "is_popular": false, "image": ""}}, {"model": "core.service", "pk": 10, "fields": {"name": "Полировка лысины", "description": "Полировка лысины до блеска", "price": "1900.00", "duration": 15, "is_popular": false, "image": ""}}, {"model": "core.master", "pk": 1, "fields": {"name": "Эльдар 'Бритва' Рязанов", "photo": "masters_images/m1_46sqoVI.jpg", "phone": "+7 (901) 123-45-67", "address": "Мой адрес не дом и не улица", "experience": 5, "is_active": true, "services": [3, 7]}}, {"model": "core.master", "pk": 2, "fields": {"name": "Зоя 'Ножницы' Космодемьянская", "photo": "masters_images/m2.jpg", "phone": "+7 (902) 123-45-67", "address": "Мой адрес не дом и не улица", "experience": 4, "is_active": true, "services": [3, 5, 10]}}, {"model": "core.master", "pk": 3, "fields": {"name": "Борис 'Фен' Пастернак", "photo": "masters_images/m1.jpg", "phone": "+7 (903) 123-45-67", "address": "Мой адрес не дом и не улица", "experience": 3, "is_active": true, "services": [3, 7, 5]}}, {"model": "core.master", "pk": 4, "fields": {"name": "Иннокентий 'Лак' Смоктуновский", "photo": "masters_images/m1_onlIzoR.jpg", "phone": "+7 (904) 123-45-67", "address": "Мой адрес не дом и не улица", "experience": 3, "is_active": true, "services": [3, 5, 10]}}, {"model": "core.master", "pk": 5, "fields": {"name": "Раиса 'Бигуди' Горбачёва", "photo": "masters_images/m2_0ASOX8a.jpg", "phone": "+7 (905) 123-45-67", "address": "Мой адрес не дом и не улица", "experience": 2, "is_active": true, "services": [7, 4, 6]}}, {"model": "core.order", "pk": 1, "fields": {"client_name": "Пётр 'Безголовый' Головин", "phone": "+7 (905) 123-45-67", "comment": "комент1", "status": "НОВАЯ", "date_created": "2025-06-26T09:59:01.561Z", "date_updated": "2025-06-26T10:01:21.261Z", "master": 3, "appointment_date": "2025-06-30T18:00:00Z", "services": [3, 1, 2]}}, {"model": "core.order", "pk": 2, "fields": {"client_name": "Василий 'Кудрявый' Прямиков", "phone": "+7 (906) 123-45-67", "comment": "коммент2", "status": "НОВАЯ", "date_created": "2025-06-26T10:02:08.614Z", "date_updated": "2025-06-26T10:02:08.614Z", "master": 2, "appointment_date": "2025-06-30T17:00:00Z", "services": [5, 4, 6]}}, {"model": "core.order", "pk": 3, "fields": {"client_name": "Афанасий 'Бородач' Бритвенников", "phone": "+7 (907 123-45-67", "comment": "коммент3", "status": "НОВАЯ", "date_created": "2025-06-26T10:02:54.226Z", "date_updated": "2025-06-26T10:02:54.226Z", "master": 5, "appointment_date": "2025-07-01T09:00:00Z", "services": [7, 4, 2]}}, {"model": "core.order", "pk": 4, "fields": {"client_name": "Зинаида 'Радуга' Красильникова", "phone": "+7 (908) 123-45-67", "comment": "коммент4", "status": "НОВАЯ", "date_created": "2025-06-26T10:03:28.086Z", "date_updated": "2025-06-26T10:03:28.086Z", "master": 4, "appointment_date": "2025-07-01T09:00:00Z", "services": [7, 9, 8]}}, {"model": "core.order", "pk": 5, "fields": {"client_name": "Олег 'Викинг' Рюрикович", "phone": "+7 (909) 123-45-67", "comment": "коммент5", "status": "НОВАЯ", "date_created": "2025-06-26T10:04:58.677Z", "date_updated": "2025-06-26T10:04:58.677Z", "master": 2, "appointment_date": "2025-07-01T17:00:00Z", "services": [7, 4, 10]}}, {"model": "core.order", "pk": 6, "fields": {"client_name": "Геннадий 'Блестящий' Лысенко", "phone": "+7 (905) 123-45-67", "comment": "коммент...", "status": "НОВАЯ", "date_created": "2025-06-26T10:05:37.061Z", "date_updated": "2025-06-26T10:05:37.061Z", "master": 4, "appointment_date": "2025-07-01T18:00:00Z", "services": [9, 10, 8]}}, {"model": "core.order", "pk": 7, "fields": {"client_name": "Марина 'Рапунцель' Косичкина", "phone": "+7 (906) 123-45-67", "comment": "777", "status": "НОВАЯ", "date_created": "2025-06-26T10:06:15.550Z", "date_updated": "2025-06-26T10:06:15.550Z", "master": 5, "appointment_date": "2025-07-01T17:00:00Z", "services": [7, 5, 9]}}, {"model": "core.order", "pk": 8, "fields": {"client_name": "Федор 'Кучерявый' Завитушки", "phone": "+7 (906) 123-45-67", "comment": "ррррр", "status": "НОВАЯ", "date_created": "2025-06-26T10:06:47.233Z", "date_updated": "2025-06-26T10:06:47.233Z", "master": 3, "appointment_date": "2025-07-01T09:00:00Z", "services": [3, 7, 6]}}, {"model": "core.order", "pk": 9, "fields": {"client_name": "Елизавета 'Корона' Царевна", "phone": "+7 (906) 123-45-67", "comment": "рррлллл", "status": "НОВАЯ", "date_created": "2025-06-26T10:07:16.222Z", "date_updated": "2025-06-26T10:07:16.222Z", "master": 5, "appointment_date": "2025-07-01T17:00:00Z", "services": [4, 2]}}, {"model": "core.order", "pk": 10, "fields": {"client_name": "Добрыня 'Богатырь' Никитич", "phone": "+7 (906) 123-45-67", "comment": "рало", "status": "НОВАЯ", "date_created": "2025-06-26T10:07:51.070Z", "date_updated": "2025-06-26T10:07:51.070Z", "master": 1, "appointment_date": "2025-07-01T17:00:00Z", "services": [9, 6, 1]}}, {"model": "core.order", "pk": 11, "fields": {"client_name": "Василий 'Кудрявый' Прямиков", "phone": "+7 (905) 123-45-67", "comment": "g", "status": "НОВАЯ", "date_created": "2025-07-05T10:38:10.146Z", "date_updated": "2025-07-05T11:10:40.508Z", "master": 3, "appointment_date": "2025-07-05T17:42:00Z", "services": [3]}}, {"model": "core.order", "pk": 12, "fields": {"client_name": "Зинаида 'Радуга' Красильникова", "phone": "+7 (906) 123-45-67", "comment": "jknvl", "status": "НОВАЯ", "date_created": "2025-07-05T11:07:48.815Z", "date_updated": "2025-07-05T11:10:45.829Z", "master": 2, "appointment_date": "2025-07-06T18:10:00Z", "services": [7, 5, 4]}}, {"model": "core.order", "pk": 13, "fields": {"client_name": "Геннадий 'Блестящий' Лысенко", "phone": "+7 (904) 123-45-67", "comment": "ghjk", "status": "НОВАЯ", "date_created": "2025-07-05T11:09:53.882Z", "date_updated": "2025-07-05T11:10:53.970Z", "master": 5, "appointment_date": "2025-07-07T12:10:00Z", "services": [1, 8]}}, {"model": "core.order", "pk": 14, "fields": {"client_name": "Пётр 'Безголовый' Головин", "phone": "+7 (906) 123-45-67", "comment": "kkk", "status": "НОВАЯ", "date_created": "2025-07-06T10:26:42.548Z", "date_updated": "2025-07-06T10:26:42.548Z", "master": 3, "appointment_date": "2025-07-07T17:30:00Z", "services": [3, 5]}}, {"model": "core.order", "pk": 15, "fields": {"client_name": "Пётр 'Безголовый' Головин", "phone": "+7 (902) 123-45-67", "comment": "комент", "status": "НОВАЯ", "date_created": "2025-07-06T10:49:06.081Z", "date_updated": "2025-07-06T10:49:06.081Z", "master": 3, "appointment_date": "2025-07-09T17:50:00Z", "services": [3, 5]}}, {"model": "core.order", "pk": 16, "fields": {"client_name": "Василий 'Кудрявый' Прямиков", "phone": "+7 (905) 123-45-67", "comment": "коммент тг", "status": "НОВАЯ", "date_created": "2025-07-16T21:26:15.910Z", "date_updated": "2025-07-16T21:26:15.910Z", "master": 3, "appointment_date": "2025-07-18T03:30:00Z", "services": []}}, {"model": "core.order", "pk": 17, "fields": {"client_name": "Василий 'Кудрявый' Прямиков", "phone": "+7 (905) 123-45-67", "comment": "коммент тг", "status": "НОВАЯ", "date_created": "2025-07-16T21:27:35.241Z", "date_updated": "2025-07-16T21:27:35.241Z", "master": 3, "appointment_date": "2025-07-18T03:30:00Z", "services": [3, 7]}}, {"model": "core.order", "pk": 18, "fields": {"client_name": "Олег 'Викинг' Рюрикович", "phone": "+7 (902) 123-45-67", "comment": "заказ1707", "status": "НОВАЯ", "date_created": "2025-07-17T19:55:01.103Z", "date_updated": "2025-07-17T19:55:01.103Z", "master": 3, "appointment_date": "2025-07-18T19:00:00Z", "services": []}}, {"model": "core.order", "pk": 19, "fields": {"client_name": "Олег 'Викинг' Рюрикович", "phone": "+7 (902) 123-45-67", "comment": "заказ1707", "status": "НОВАЯ", "date_created": "2025-07-17T19:55:48.590Z", "date_updated": "2025-07-17T19:55:48.590Z", "master": 3, "appointment_date": "2025-07-18T19:00:00Z", "services": []}}, {"model": "core.order", "pk": 20, "fields": {"client_name": "Олег 'Викинг' Рюрикович", "phone": "+7 (902) 123-45-67", "comment": "заказ1707", "status": "НОВАЯ", "date_created": "2025-07-17T19:55:58.478Z", "date_updated": "2025-07-17T19:55:58.478Z", "master": 3, "appointment_date": "2025-07-18T19:00:00Z", "services": []}}, {"model": "core.order", "pk": 21, "fields": {"client_name": "Олег 'Викинг' Рюрикович", "phone": "+7 (902) 123-45-67", "comment": "заказ1707", "status": "НОВАЯ", "date_created": "2025-07-17T19:56:20.269Z", "date_updated": "2025-07-17T19:56:20.269Z", "master": 2, "appointment_date": "2025-07-18T19:00:00Z", "services": []}}, {"model": "core.order", "pk": 22, "fields": {"client_name": "Олег 'Викинг' Рюрикович", "phone": "+7 (902) 123-45-67", "comment": "заказ1707", "status": "НОВАЯ", "date_created": "2025-07-17T19:57:10.212Z", "date_updated": "2025-07-17T19:57:10.212Z", "master": 2, "appointment_date": "2025-07-18T19:00:00Z", "services": []}}, {"model": "core.order", "pk": 23, "fields": {"client_name": "Олег 'Викинг' Рюрикович", "phone": "+7 (902) 123-45-67", "comment": "заказ1707", "status": "НОВАЯ", "date_created": "2025-07-17T19:58:29.895Z", "date_updated": "2025-07-17T19:58:29.895Z", "master": 2, "appointment_date": "2025-07-18T19:00:00Z", "services": [3, 5]}}, {"model": "core.order", "pk": 24, "fields": {"client_name": "Пётр 'Безголовый' Головин", "phone": "+7 (906) 123-45-67", "comment": "текст", "status": "НОВАЯ", "date_created": "2025-07-17T21:26:28.602Z", "date_updated": "2025-07-17T21:26:28.602Z", "master": 4, "appointment_date": "2025-07-23T01:30:00Z", "services": []}}, {"model": "core.order", "pk": 25, "fields": {"client_name": "Пётр 'Безголовый' Головин", "phone": "+7 (906) 123-45-67", "comment": "текст", "status": "НОВАЯ", "date_created": "2025-07-17T21:31:51.138Z", "date_updated": "2025-07-17T21:31:51.138Z", "master": 4, "appointment_date": "2025-07-23T01:30:00Z", "services": []}}, {"model": "core.order", "pk": 26, "fields": {"client_name": "Пётр 'Безголовый' Головин", "phone": "+7 (906) 123-45-67", "comment": "текст", "status": "НОВАЯ", "date_created": "2025-07-17T21:33:38.737Z", "date_updated": "2025-07-17T21:33:38.737Z", "master": 4, "appointment_date": "2025-07-23T01:30:00Z", "services": []}}, {"model": "core.order", "pk": 27, "fields": {"client_name": "Пётр 'Безголовый' Головин", "phone": "+7 (906) 123-45-67", "comment": "текст", "status": "НОВАЯ", "date_created": "2025-07-17T21:36:29.460Z", "date_updated": "2025-07-17T21:36:29.460Z", "master": 4, "appointment_date": "2025-07-23T01:30:00Z", "services": [5, 10]}}, {"model": "core.order", "pk": 28, "fields": {"client_name": "Василий 'Кудрявый' Прямиков", "phone": "+7 (903) 123-45-67", "comment": "ршлр", "status": "НОВАЯ", "date_created": "2025-07-17T22:02:40.423Z", "date_updated": "2025-07-17T22:02:40.423Z", "master": 2, "appointment_date": "2025-07-17T03:07:00Z", "services": [3, 5]}}, {"model": "core.order", "pk": 29, "fields": {"client_name": "Пётр 'Безголовый' Головин", "phone": "+7 (902) 123-45-67", "comment": "оррор", "status": "НОВАЯ", "date_created": "2025-07-17T22:04:39.195Z", "date_updated": "2025-07-17T22:04:39.195Z", "master": 4, "appointment_date": "2025-07-19T03:04:00Z", "services": [3, 5]}}, {"model": "core.order", "pk": 30, "fields": {"client_name": "Василий 'Кудрявый' Прямиков", "phone": "+7 (901) 123-45-67", "comment": "оол", "status": "НОВАЯ", "date_created": "2025-07-17T22:08:46.913Z", "date_updated": "2025-07-17T22:08:46.913Z", "master": 3, "appointment_date": "2025-07-17T22:14:00Z", "services": [3]}}, {"model": "core.order", "pk": 31, "fields": {"client_name": "Пётр 'Безголовый' Головин", "phone": "+7 (903) 123-45-67", "comment": "gghjhj", "status": "НОВАЯ", "date_created": "2025-07-19T20:49:13.758Z", "date_updated": "2025-07-19T20:49:13.758Z", "master": 3, "appointment_date": "2025-07-17T00:49:00Z", "services": [3, 7]}}, {"model": "core.order", "pk": 32, "fields": {"client_name": "Пётр 'Безголовый' Головин", "phone": "+7 (906) 123-45-67", "comment": "", "status": "НОВАЯ", "date_created": "2025-07-19T20:54:16.373Z", "date_updated": "2025-07-19T20:54:16.373Z", "master": 3, "appointment_date": "2025-07-18T20:57:00Z", "services": [3, 7]}}, {"model": "core.order", "pk": 33, "fields": {"client_name": "Олег 'Викинг' Рюрикович", "phone": "+7 (906) 123-45-67", "comment": "ghjhh", "status": "НОВАЯ", "date_created": "2025-07-26T08:31:33.502Z", "date_updated": "2025-07-26T08:31:33.502Z", "master": 1, "appointment_date": "2025-07-31T12:35:00Z", "services": [3]}}, {"model": "core.order", "pk": 34, "fields": {"client_name": "Афанасий 'Бородач' Бритвенников", "phone": "+7 (904) 123-45-67", "comment": "", "status": "НОВАЯ", "date_created": "2025-07-26T08:32:50.177Z", "date_updated": "2025-07-26T08:32:50.177Z", "master": 5, "appointment_date": "2025-07-29T13:38:00Z", "services": [4, 6]}}, {"model": "core.order", "pk": 35, "fields": {"client_name": "Олег 'Викинг' Рюрикович", "phone": "+7 (902) 123-45-67", "comment": "hg", "status": "НОВАЯ", "date_created": "2025-07-26T08:34:42.043Z", "date_updated": "2025-07-26T08:34:42.043Z", "master": 3, "appointment_date": "2025-07-28T08:39:00Z", "services": [7, 5]}}, {"model": "core.review", "pk": 1, "fields": {"text": "Записала сына в этот салон, но решила перезаписать на время попозже так как не успевали. Когда позвонила, то не правильно назвала имя сотрудника, вместо Артура, сказала Артем. На том конце телефона меня не корректно исправили..", "client_name": "Василий 'Кудрявый' Прямиков", "master": 3, "photo": "", "created": "2025-06-26T10:29:17.915Z", "rating": 3, "is_published": true, "ai_checked_status": "ai_checked_false"}}, {"model": "core.review", "pk": 2, "fields": {"text": "В данное заведение нужно идти, только если знаешь что нужно. По подбору стиля ноль. Так подстригли парня 16 лет, что по приезду домой побежал в обычную парикмахерскую под машинку убирать все это. Потому как выглядел...", "client_name": "Василий 'Кудрявый' Прямиков", "master": 2, "photo": "", "created": "2025-06-26T10:29:29.447Z", "rating": 4, "is_published": true, "ai_checked_status": "ai_checked_false"}}, {"model": "core.review", "pk": 3, "fields": {"text": "Был в Oldboy Водный у барбера иностранца Франко. Франко обслуживает очень круто и быстро, что важно. С ним разговаривали на английском, он дал рекомендации по укладке и уходу. Приду еще раз с...\r\nДостоинства: Люксовый сервис, бесплатный бар, крутые мастера, Франко барбер, качественные стрижки, полный спектр услуг для мужчин по уходу\r\nНедостатки: Минусов не нашел, потому что цены везде по Москве давно подняли на все и сразу", "client_name": "Зинаида 'Радуга' Красильникова", "master": 4, "photo": "", "created": "2025-06-26T10:29:37.929Z", "rating": 5, "is_published": false, "ai_checked_status": "ai_checked_false"}}, {"model": "core.review", "pk": 4, "fields": {"text": "Мой муж и много его друзей пользуются услугами OLD BOY, там реально круто и классно стригут, бреют, красят Очень много предоставляют услуг ! Ещё мне очень нравиться различная косметика, шампуни, бальзамы, которыми пользуется муж, запахи...", "client_name": "Олег 'Викинг' Рюрикович", "master": 4, "photo": "", "created": "2025-06-26T10:29:45.801Z", "rating": 5, "is_published": false, "ai_checked_status": "ai_checked_false"}}, {"model": "core.review", "pk": 5, "fields": {"text": "Олдбой в строгино. Вообще не умеют работать с длинными волосами, показали фотографию как должно было получится, уточнили сможет или не сможет так сделать, сказала что сможет, в итоге вышел такой нездоровый п... ц, будто ножницы...\r\nДостоинства: Нет\r\nНедостатки: Не умеют стричь", "client_name": "Геннадий 'Блестящий' Лысенко", "master": 1, "photo": "", "created": "2025-06-26T10:29:55.923Z", "rating": 1, "is_published": true, "ai_checked_status": "ai_checked_false"}}, {"model": "core.review", "pk": 6, "fields": {"text": "Итого, стрижка у Тимура 1200, Очень дорого!! Работы по устранению последствий стрижки Тимура 1800... неплохо так сходил башку в порядок привел. В общем и целом прихожу к мнению, что барбершопы OldBoy, некогда очень хорошие барбершопы, в целях увеличения доходов стали принимать на работу низкооплачиваемых специалистов. В ущерб клиентам, разумеется. Они, конечно извинились, все такое... но осадочек остался. В эту \"цирюльню\" я уже точно никогда не пойду, в другую цирюльню под вывеской OldBoy если и пойду, то только от безисходности. СВОЛОЧИ!!!  Живу: Россия, Поселок Совхоза Раменское, ул. Ленина, д.1.", "client_name": "Пётр 'Безголовый' Головин", "master": 3, "photo": "", "created": "2025-07-03T19:47:11.114Z", "rating": 4, "is_published": true, "ai_checked_status": "ai_checked_false"}}, {"model": "core.review", "pk": 7, "fields": {"text": "Итого, стрижка у Тимура 1200, Очень дорого!! Работы по устранению последствий стрижки Тимура 1800... неплохо так сходил башку в порядок привел. В общем и целом прихожу к мнению, что барбершопы OldBoy, некогда очень хорошие барбершопы, в целях увеличения доходов стали принимать на работу низкооплачиваемых специалистов. В ущерб клиентам, разумеется. Они, конечно извинились, все такое... но осадочек остался. В эту \"цирюльню\" я уже точно никогда не пойду, в другую цирюльню под вывеской OldBoy если и пойду, то только от безисходности. СВОЛОЧИ!!! Живу: Россия, Поселок Совхоза Раменское, ул. Ленина, д.1.", "client_name": "Пётр 'Безголовый' Головин", "master": 3, "photo": "", "created": "2025-07-15T20:23:56.408Z", "rating": 2, "is_published": false, "ai_checked_status": "ai_cancelled"}}, {"model": "core.review", "pk": 8, "fields": {"text": "Был в Oldboy Водный у барбера иностранца Франко. Франко обслуживает очень круто и быстро, что важно. С ним разговаривали на английском, он дал рекомендации по укладке и уходу. Приду еще раз с... Достоинства: Люксовый сервис, бесплатный бар, крутые мастера, Франко барбер, качественные стрижки, полный спектр услуг для мужчин по уходу Недостатки: Минусов не нашел, потому что цены везде по Москве давно подняли на все и сразу", "client_name": "Василий 'Кудрявый' Прямиков", "master": 2, "photo": "", "created": "2025-07-15T20:27:43.474Z", "rating": 5, "is_published": true, "ai_checked_status": "ai_checked_true"}}, {"model": "core.review", "pk": 9, "fields": {"text": "Олдбой в строгино. Вообще не умеют работать с длинными волосами, показали фотографию как должно было получится, уточнили сможет или не сможет так сделать, сказала что сможет, в итоге вышел такой нездоровый п... ц, будто ножницы... Достоинства: Нет Недостатки: Не умеют стричь", "client_name": "Геннадий 'Блестящий' Лысенко", "master": 4, "photo": "", "created": "2025-07-16T14:44:42.605Z", "rating": 2, "is_published": false, "ai_checked_status": "ai_cancelled"}}, {"model": "core.review", "pk": 10, "fields": {"text": "ghjhkjgg", "client_name": "Василий 'Кудрявый' Прямиков", "master": 3, "photo": "", "created": "2025-07-19T20:38:13.926Z", "rating": 3, "is_published": true, "ai_checked_status": "ai_checked_true"}}, {"model": "core.review", "pk": 11, "fields": {"text": "ghjhkjgg", "client_name": "Василий 'Кудрявый' Прямиков", "master": 3, "photo": "", "created": "2025-07-19T20:39:58.812Z", "rating": 3, "is_published": true, "ai_checked_status": "ai_checked_true"}}, {"model": "core.review", "pk": 12, "fields": {"text": "ghjhkjgg", "client_name": "Василий 'Кудрявый' Прямиков", "master": 3, "photo": "", "created": "2025-07-19T20:44:06.870Z", "rating": 3, "is_published": true, "ai_checked_status": "ai_checked_in_progress"}}, {"model": "core.review", "pk": 13, "fields": {"text": "fghgg", "client_name": "Пётр 'Безголовый' Головин", "master": 3, "photo": "", "created": "2025-07-19T20:57:58.444Z", "rating": 2, "is_published": true, "ai_checked_status": "ai_checked_true"}}, {"model": "core.review", "pk": 14, "fields": {"text": "просто отлично", "client_name": "Пётр 'Безголовый' Головин", "master": 3, "photo": "", "created": "2025-07-26T07:55:48.192Z", "rating": 4, "is_published": true, "ai_checked_status": "ai_checked_true"}}, {"model": "core.review", "pk": 15, "fields": {"text": "Итого, стрижка у Тимура 1200, Очень дорого!! Работы по устранению последствий стрижки Тимура 1800... неплохо так сходил башку в порядок привел. В общем и целом прихожу к мнению, что барбершопы OldBoy, некогда очень хорошие барбершопы, в целях увеличения доходов стали принимать на работу низкооплачиваемых специалистов. В ущерб клиентам, разумеется. Они, конечно извинились, все такое... но осадочек остался. В эту \"цирюльню\" я уже точно никогда не пойду, в другую цирюльню под вывеской OldBoy если и пойду, то только от безисходности. СВОЛОЧИ!!! Живу: Россия, Поселок Совхоза Раменское, ул. Ленина, д.1.", "client_name": "Василий 'Кудрявый' Прямиков", "master": 2, "photo": "", "created": "2025-07-26T07:56:48.253Z", "rating": 1, "is_published": false, "ai_checked_status": "ai_cancelled"}}, {"model": "core.review", "pk": 16, "fields": {"text": "Итого, стрижка у Тимура 1200, Очень дорого!! Работы по устранению последствий стрижки Тимура 1800... неплохо так сходил башку в порядок привел. В общем и целом прихожу к мнению, что барбершопы OldBoy, некогда очень хорошие барбершопы, в целях увеличения доходов стали принимать на работу низкооплачиваемых специалистов. В ущерб клиентам, разумеется. Они, конечно извинились, все такое... но осадочек остался. В эту \"цирюльню\" я уже точно никогда не пойду, в другую цирюльню под вывеской OldBoy если и пойду, то только от безисходности. СВОЛОЧИ!!! Живу: Россия, Поселок Совхоза Раменское, ул. Ленина, д.1.", "client_name": "Пётр 'Безголовый' Головин", "master": 2, "photo": "", "created": "2025-07-26T07:58:31.499Z", "rating": 2, "is_published": false, "ai_checked_status": "ai_cancelled"}}, {"model": "core.review", "pk": 17, "fields": {"text": "апнрне", "client_name": "Пётр 'Безголовый' Головин", "master": 2, "photo": "", "created": "2025-07-26T08:46:17.307Z", "rating": 4, "is_published": true, "ai_checked_status": "ai_checked_true"}}]